iteration	timestamp	action	metric	result	status	notes
0\t2026-04-04T18:47:01Z\tbaseline\tpilot_gap=-1.1\tEVAL:8models_running,E8:E6_training\tkeep\tbase_sft=42.2%,best_RL(E9)=41.1%,gap=-1.1pp. 1030eval+E6 in progress.
3\t2026-04-04T18:57:59Z\tfix_gdpo_and_restart_e6\tguard=40/40\tE6_restarted_with_fixed_GDPO+probe_warning\tkeep\tCodex found: Bug14(GDPO slice OOB on multi-GPU), Bug8(silent probe exceptions). Both fixed, synced to 3 nodes, E6 restarted.
4\t2026-04-04T18:58:28Z\tmonitor\tbase_sft=68.3%@1000/1030\tall_8_models_running\tkeep\tbase_sft nearly done. E3 at 68.9% (37% progress). Accuracies dipping as MATH500/AIME mix in.
7\t2026-04-04T19:00:01Z\tverify_gdpo_fix\tE6_step2_ok,probe_reward=-0.33\tGDPO_fix_confirmed_working_on_4GPU\tkeep\tE6 completed steps 1-2 without crash. probe_calibration_reward active (mean=-0.33). 34s/step, ~2.8h to complete.
8\t2026-04-04T19:00:51Z\tmonitor\tbase_sft=1010/1030,E6=2/300\tall_healthy\tkeep\tNo crashes. base_sft almost done. E6 probe reward active. ETA: base_sft~20min, Round1 EVAL~3h, E6~2.5h
10\t2026-04-04T19:02:19Z\tmonitor\teval_active,E6=step2\tall_processes_alive_writing_logs\tkeep\tAIME problems slow (4096 token gen each). ETA for completions: base_sft~1h, full Round1~4-5h. E6 step 2/300.
11\t2026-04-04T19:03:14Z\tmonitor\tbase_sft=67.8%@1010,E6=step2/300\tall_healthy_no_completions_yet\tkeep\tAIME slowing all evals. E6 probe active. E3=68.9% but only 37% done.
12\t2026-04-04T19:04:33Z\tmonitor\tbase_sft=1010,E6=step2,all_healthy\tsteady_progress\tkeep\tverify_sft→840,E3→390,E8→910. No JSON results yet. AIME gen slow (~5min/problem).
13\t2026-04-04T19:05:26Z\tmonitor\tE6_GPUs=100%_active,eval_AIME_slow\tall_healthy_slow_progress\tkeep\tAIME ~5-10min/problem. base_sft has ~20 AIME left (~2h). E6 step3 generating. Polling interval→15min.
14\t2026-04-04T19:06:44Z\tmonitor\tbase=1020/1030,E6=step2(gen_slow)\tall_active_GPUs_100%\tkeep\tbase_sft 10 AIME left (~45min). E6 step3 gen slow (GPU3@74.5GB/80GB). E9b=930.
15\t2026-04-04T19:08:43Z\tdiagnose\tE6_ZeRO3_gen_slow_~15min/phase\tE6_ETA_revised_37-50h\tkeep\tZeRO3+probe makes gen very slow. 150 gen phases×15-20min=37-50h. Consider reducing steps/length later. Eval is priority.
16\t2026-04-04T19:09:37Z\tmonitor\tE9b=940,base=1020,E6=step2still\tno_errors_AIME_slow\tkeep\tbase_sft ~50min to finish. E6 ZeRO3 gen still running step3.
17\t2026-04-04T19:10:28Z\tmonitor\tbase=1020,E6=step2_50min_on_step3_gen\tE6_very_slow_AIME_slow\tkeep\tE6 step3 gen 50min+. ZeRO3 all-gather per token. Eval: base_sft 1020 (AIME), E3 400. Will evaluate E6 pace.
18\t2026-04-04T19:13:51Z\tdiagnose\tE6_workers_99.8%CPU_not_hung\tZeRO3+probe_very_slow\tkeep\tE6 not deadlocked — 4 workers at 99.8% CPU. ZeRO3 all-gather + probe forward pass = ~80min/gen_step. E10 did 200 steps in 94min WITHOUT probe. E6 will take days. May need to restart with ZeRO-2 or skip probe in future.
19\t2026-04-04T19:15:06Z\tresult_base_sft\tacc=66.6%(GSM88.0,MATH48.6,AIME10.0)\tFIRST_RESULT_PULLED\tkeep\tbase_sft n=1030 complete. 0 meta blocks, 285 mean tokens. Target: accuracy>=66.6% + good calibration.
20\t2026-04-04T19:15:53Z\tmonitor\tE9b=970/1030(close),base_done\tno_new_completions\tkeep\tE9b ~30-60min to finish. all_sft 850, verify_sft 860, E3 410. AIME region slow.
21\t2026-04-04T19:47:17Z\tfix_e6_zero2_restart\tE6_step1_in_82s_probe=-0.33\tZeRO2_fix_confirmed\tkeep\tE6 crashed with ZeRO3 NCCL timeout during probe all-gather. Switched to ZeRO-2 (cpu offload). Step 1 in 82s vs stuck. ~7h total ETA.
22\t2026-04-04T19:49:10Z\tmonitor\tverify=950,E3=480,E8_SSH_timeout\tE8_unreachable_eval_progressing\tkeep\tE8/E9b stuck on AIME@1000. E8 node SSH timeout (may be ZeRO-2 CPU offload overloading). Will retry.
23\t2026-04-04T19:50:00Z\tmonitor\tE9b=1010,E8=1000,E8_SSH_still_down\tAIME_grind_continues\tkeep\tE9b almost done. E8 node unreachable (ZeRO-2 CPU load or network). EVAL: verify=950, E3=480.
24\t2026-04-04T19:51:52Z\tresult_e6_progress\tE6=10/300_25s/step_probe=-0.18\tE6_ZeRO2_working_well\tkeep\tE6 at step 10/300. ZeRO-2 running at 25s/step (~2.1h total). Probe reward improving: -0.33→-0.18. E8 SSH recovered. base_sft=66.6% target.
25\t2026-04-04T19:52:43Z\tmonitor\tE6=12/300_31s/step,E9b=1010,E8=1010\tsteady_AIME_slow\tkeep\tE6 probe_reward stable at -0.18. Eval AIME region. No new completions.
26\t2026-04-04T19:53:21Z\tmonitor\tE6=13/300_corr=0.75_probe=-0.154\tE6_learning_well\tkeep\tE6 correctness 0.75 (up from -0.75!), probe_reward -0.154 (improving). Eval still AIME grinding.
27\t2026-04-04T19:54:01Z\tmonitor\tE6=14/300_26s/step,verify=970\tall_healthy_AIME_very_slow\tkeep\tE6 at step 14, ~2.5h remaining. Eval AIME: each problem ~10min generation.
28\t2026-04-04T19:54:38Z\tmonitor\tE3=500,E9b=1010,E8eval=1010,E8_SSH_down\tAIME_very_slow_3-4h_remaining\tkeep\tAIME 4096-token gen ~10min/prob. ~20 AIME left per model. E8 unreachable. ETA: eval Round1 complete ~3-4h.
29\t2026-04-04T20:19:02Z\tresult_E8_E9b\tE8=57.7%(gap-8.9),E9b=59.4%(gap-7.2)\tFIRST_RL_COMPARISON\tkeep\tE8: ECE 0.129✅ but acc -8.9pp. E9b: conf_cov 0.4% (reward escape). V2 rewards justified. E6 at step 58, probe -0.136.
30\t2026-04-04T20:20:19Z\tresult_progress\tE6=62/300_probe=-0.12~-0.33\tE6_21%_probe_improving\tkeep\tE6 step 62/300 (21%). probe_reward oscillating -0.12 to -0.33 (volatile but improving trend). all_sft=1000, verify_sft=1010. E9c=1000.
31\t2026-04-04T20:21:03Z\tmonitor\tE6=64/300,E9c=1000,verify=1010\tAIME_still_slow\tkeep\tE6 at 21%. All eval models in AIME region (~2-3h to next completion). 3/11 results pulled.
32\t2026-04-04T20:22:10Z\tmonitor\tE6=66/300_probe=-0.217,eval_AIME_stuck\t3/11_done_AIME_blocking\tkeep\tE6 at 22%, ~1.5h left. redirect_sft→980. AIME slowdown continues.
33\t2026-04-04T20:23:52Z\tmonitor\tE6=68/300,all_sft=1010,verify=1010\tno_new_completions\tkeep\tE6 at 23%. all_sft+verify_sft at 1010 (AIME). E3 530. redirect 980.
34\t2026-04-04T20:24:54Z\tmonitor\tE6=70/300,eval_logs_active\tall_alive_AIME_bottleneck\tkeep\tE6 ~2h left. All eval logs active (last write <7min). AIME gen ~10-15min/problem per model.
35\t2026-04-04T20:25:44Z\tmonitor\tE6=72/300,eval_unchanged_AIME\tsteady\tkeep\tE6 24%. All eval in AIME. ~2-3h to next batch of completions.
36\t2026-04-04T20:27:35Z\tmonitor\tE6=74/300_probe=-0.111,eval_AIME_grinding\tsteady_progress\tkeep\tE6 25%. probe_calibration_reward improving: -0.33→-0.18→-0.14→-0.11. Eval printing every 10 probs, AIME section.
37\t2026-04-04T20:50:42Z\tresult_6models\t6/11_done:base66.6>E9c60.3>E9b59.4>E8_57.7>verify57.4>all52.9\tCRITICAL_FINDING\tkeep\tAll Meta-CoT below base. RL kills meta (conf<11%), SFT meta hurts acc. verify 100% overconfident. V2 fixes validated.
38\t2026-04-04T20:51:43Z\tmonitor\tE6=118/300_probe=-0.086,7/11done\tE6_improving_well\tkeep\tE6 39%, probe -0.086 (steady improvement). 7/11 eval done. redirect_sft+E3 remaining for Round1. Round2 blocked by E3.
39\t2026-04-04T20:52:28Z\tmonitor\tE6=~120/300_probe=-0.073,8/11eval\tE6_probe_great_trend\tkeep\tE6 probe: -0.33→-0.073 (78% improvement!). redirect_sft+E3 blocking Round2. 7/11 eval JSONs pulled.
40\t2026-04-04T20:54:29Z\tmonitor\tE6=122/300(41%)_1.5h_left\tE6_progressing\tkeep\tE6 at step 122/300, 31s/step, ~1.5h remaining. Waiting for completion.
41\t2026-04-04T20:55:15Z\tmonitor\tE6=124/300,redirect=1010/1030\tboth_still_running\tkeep\tE6 41%, redirect AIME grinding.
42\t2026-04-04T21:22:50Z\tresult_redirect_sft\tredirect=52.7%_ECE0.077_overconf0%\t7/11_DONE_PATTERN_CLEAR\tkeep\tredirect_sft: best calibration (ECE 0.077, 0% overconf) but worst accuracy (-13.9pp). Clear accuracy-calibration trade-off. E6 probe_reward=0.0 at step174.
43\t2026-04-04T21:23:16Z\tresult_round2_started\tTRAIN_B_Round2:E10=130/1030\tE10_EVAL_STARTED\tkeep\tTRAIN_B Round1 done (4 models), Round2 E10 auto-started. E10 at 130/1030 (70.0% running). EVAL E3=610 still blocking Round2.
44\t2026-04-04T21:24:28Z\tmonitor\tE6=180/300(60%),E10=140,E3=620\tE6_nearing_completion\tkeep\tE6 ~1h to complete. E10 eval at 140 (GSM8K). E3 at 620 (MATH500).
45\t2026-04-04T21:25:07Z\tmonitor\tE6=181/300,E10=150,E3=620\tE6_~1h_left\tkeep\tE6 60% (~1h to complete). E10 at 150 (GSM8K 70.7%). E3 at 620.
46\t2026-04-04T21:26:19Z\tmonitor\tE6=185/300(62%)_probe=0.0\tE6_~1h_to_complete\tkeep\tE6 at step 185/300. probe_reward reached 0.0. ~57min to completion. E7 will auto-start after.
47\t2026-04-04T21:27:28Z\tmonitor\tE6=~233/300(78%)_all_GPUs_active\tE6_near_completion\tkeep\tE6 at ~233/300 (78%). 233 Step markers in log. All 4 GPUs active. ~33min to E6 completion. E10=160, E3=620.
48\t2026-04-04T21:28:02Z\tmonitor\tE6=238/300(79%)\tE6_still_running\tkeep\tE6 at 238/300. ~62 steps remain. Slower in late training (possibly harder problems).
49\t2026-04-04T21:29:05Z\tmonitor\tE6=191/300(64%_tqdm),E10=180,E3=620\tE6_progressing_~55min\tkeep\tE6 actual tqdm: 191/300. GPUs active. ~55min to complete. E10 at 180. E3 at 620.
50\t2026-04-04T21:51:17Z\tmonitor\tE6=229/300(76%_tqdm)\tE6_~55min_left\tkeep\tE6 76%. 38 steps in 30min (47s/step). ~55min to complete.
51\t2026-04-04T21:51:56Z\tmonitor\tE6=231/300(77%),E10=400\tE6_slow_but_progressing\tkeep\tE6 77%. E10 at 400 (69.3%). EVAL SSH failed. Waiting for E6 completion.
52\t2026-04-04T21:52:43Z\tmonitor\tE6=234/300_21min_left_20s/step\tE6_ALMOST_DONE\tkeep\tE6 tqdm: 234/300, 2h06m elapsed, 21min remaining, 20s/step. E6 completes in ~22min!
55\t2026-04-04T21:54:25Z\tmonitor\tE6=236/300_tqdm_30min_left\tE6_30min_to_complete\tkeep\tE6 tqdm: 236/300, 2h08m elapsed, 30min remaining. 28s/step.
56\t2026-04-04T21:55:53Z\tmonitor\tE10=430,E3=660,E8_unreachable\tE6_status_unknown\tkeep\tE8 SSH down (ZeRO-2 CPU load). E6 should be done or near-done (was at 236/300, 30min left). E10=430, E3=660.
57\t2026-04-04T21:56:45Z\tmonitor\tE10=440,E3=660,E8_unreachable_1h+\tE8_SSH_persistent_issue\tkeep\tE8 unreachable >1h. E6 likely done, E7 likely running (but unverifiable). E10 at 440, E3 at 660.
58\t2026-04-04T21:59:01Z\tmonitor\tE10=460,E3=660,E8_unreachable_2h+\tsteady_memory_updated\tkeep\tE8 SSH down 2h+. E10/E3 progressing. 7/11 results analyzed. Memory updated.
59\t2026-04-04T22:04:15Z\tmonitor\tE6=258/300_17min_left!_E10=500\tE6_FINALLY_NEAR_DONE\tkeep\tE6 at 258/300, 17min remaining! E8 SSH recovered. checkpoint-100 saved. E10 at 500.
61\t2026-04-04T22:08:25Z\tmonitor\tE6=267/300(89%)_15min_left\tE6_FINAL_STRETCH\tkeep\tE6 at 267/300, 15min remaining. 2 GPUs intermittently 0% (model saving?). Almost done!
62\t2026-04-04T22:30:03Z\tresult_E6_COMPLETE\tE6_300steps_done_probe=0.0_E7_started\tMILESTONE\tkeep\t*** E6 COMPLETE *** 300 steps in ~2.5h. Saved to final. E7 auto-started at 22:28. probe_reward: -0.33→0.0 (fully converged).
63\t2026-04-04T22:30:58Z\tresult_E7_started\tE7=2/300_27s/step,E10=580,E3=700\tE7_RUNNING\tkeep\tE7 started (stepwise probe), step 2/300. E6 done. E10 at 580, E3 at 700.
64\t2026-04-04T22:35:13Z\tmonitor\tE7=8/300_probe=-0.293,E10=600,E3=710\tE7_learning_all_progressing\tkeep\tE7 step 8/300. stepwise_probe_reward=-0.293. E10 at 600, E3 at 710.
65\t2026-04-04T22:47:25Z\tanalysis_complete\t7model_deep_analysis_done\tCRITICAL_FINDINGS\tkeep\tFormat bug: 22% of SFT regressions are correct answers with \$ format. RL data too small (1K/15K). Meta overhead causes accuracy loss. probe_reward=0 may be collapse.
66\t2026-04-04T23:01:06Z\tmonitor\tE10=640,E3=740,E8_unreachable\tdeep_analysis_done_awaiting_approval\tkeep\tCodex analysis complete. format fix+entropy analysis+resume training plan ready. E10 at 640, E3 at 740.
67\t2026-04-04T23:32:10Z\tanalysis_deep\tmeta_hurts:-16to-42pp_when_present\tCRITICAL_META_OVERHEAD_CONFIRMED\tkeep\tMeta blocks correlate with -16 to -42pp accuracy drop. No-meta completions match base_sft accuracy. Format fix: +4pp for SFT models. Need intervention experiment to confirm causality.
68\t2026-04-04T23:33:27Z\tmonitor_sync\tE10=730,E3=790,format_fix_synced\tcode_synced_eval_progressing\tkeep\tFormat fix synced to EVAL+TRAIN_B. E10 at 730 (MATH500), E3 at 790 (near AIME). Phase 1+3 complete.
69\t2026-04-04T23:36:04Z\tmonitor\tE10=730,E3=790,E8_unreachable\tslow_AIME_region\tkeep\tE3/E10 both in hard problem region. E8 unreachable (E7 training). Waiting.
70\t2026-04-05T00:34:23Z\tmonitor\tE10=870(56.9%),E3=860(54.8%)\tgood_progress_MATH500\tkeep\tE10 +140, E3 +70 in 1h. Both in MATH500 late section. AIME section approaching.
71\t2026-04-05T01:35:21Z\tmonitor\tE10=980,E3=950\tE10_near_completion\tkeep\tE10 at 980 (+110/h), E3 at 950 (+90/h). E10 completion expected in ~1h. E8 unreachable.
72\t2026-04-05T02:37:12Z\tresult_E10+insight\tE10=53.9%,SFT_NoMeta>base_sft!\tCRITICAL_INSIGHT\tkeep\tE10 done (53.9%). KEY FINDING: SFT models' no-meta completions are BETTER than base_sft (70.9-72.3% vs 67.1%). Meta generation hurts but meta TRAINING improves weights. Selective meta could beat base_sft.
73\t2026-04-05T03:10:59Z\treport_plan_code_complete\treport+plan+6scripts\tV6_PLAN_READY\tkeep\tReport: study_metacot_v5. Plan: plan_metacot_v6. 6 scripts created/fixed. Re-routing oracle: +4.4pp. CRITICAL index fix applied. Ready for Phase 0 (pass@k).
74\t2026-04-05T03:55:00Z\tlaunch_phase0+eval\tpass@k_started_E6E7_eval_started_E3_done\tALL_NODES_ACTIVE\tkeep\tPhase 0 (pass@k) on TRAIN_B GPU0. E6+E7 eval on E8 GPU0+1. E3 done (51.7%). E5+E9 auto-started on EVAL. 9/11 eval done, 2 new eval + pass@k running.
75\t2026-04-05T04:22:02Z\tplan_v6.1_confirmed+phase0_launched\tplan_codex_2pass,base_pk100_running\tV6.1_EXECUTION\tkeep\tPlan V6.1 Codex 2차 통과. base_sft pass@k 100문제 실행 중 (GPU0). meta_sft는 base 완료 후 순차. E5(640),E9(400),E6(200),E7(started) eval 진행 중.
76\t2026-04-05T04:53:34Z\tfix_gpu_utilization\tTB:2GPU,EVAL:2GPU,E8:2GPU\tGPU_UTILIZATION_IMPROVED\tkeep\tE7 eval restarted (was dead). Token ablation added to TRAIN_B GPU2. All 3 nodes now using 2/4 GPUs. pass@k 10/100, E5 780, E9 550, E6 550, E7 restarted.
77\t2026-04-05T04:55:53Z\tmonitor\tpk=10/100,E5=790,E9=560,E6=570,E7=20\tall_running\tkeep\tAll 3 nodes active (6/12 GPUs). E7 restarted OK (20/1030). pass@k 10/100 (50% running). ablation 10/100.
78\t2026-04-05T05:23:52Z\tresult_ablation\tbase_2048=45%_vs_4096=42%_gap+3pp\tTOKEN_ABLATION_DONE\tkeep\tSurprise: 2048 > 4096 by +3pp for base_sft MATH500. Shorter generation = more concise = more accurate. Token expansion NOT needed.
79\t2026-04-05T05:27:42Z\tmonitor\tE5=920,E9=620,E6=680(66.3%!),E7=230,pk=15/100\tall_progressing\tkeep\tE6 at 66.3% running - near base_sft 67.1%! Token ablation: 2048>4096 (+3pp). meta ablation launched. All nodes active.
80\t2026-04-05T05:41:32Z\tmonitor+report_updated\tE5=970,E9=650,pk=20/100,meta_abl=50/100\treport_addendum_added\tkeep\tReport addendum added (token ablation, E6 66.3%, E3, oracle, V6.1). E5 near completion. pass@k 20/100.
81\t2026-04-05T05:57:01Z\tmonitor\tE5=1000(close!),E9=690,pk=20+,meta_abl_running\tE5_NEAR_DONE\tkeep\tE5 at 1000/1030 (AIME). pass@k active but slow (log every 10 probs). meta ablation running.
82\t2026-04-05T06:43:12Z\tresult_E5+ablation\tE5=61.4%,meta_abl:2048=37%vs4096=40%\t10/11_EVAL_DONE\tkeep\tE5 done (61.4%). Meta ablation: all_sft 2048=37% vs 4096=40% (-3pp, meta needs slightly more tokens). 10/11 eval done, E9 remaining (780/1030).
83\t2026-04-05T06:57:41Z\tmonitor\tE6=1010,E7=620,E9=820,pk=40/100\tE6_ALMOST_DONE\tkeep\tE6 at 1010 (AIME). E7 620, E9 820. pass@k 40/100 (60% running p@1). ETA: E6 ~1h, pk ~3.5h.
84\t2026-04-05T07:45:20Z\tresult_E6_COLLAPSE\tE6=56.8%_probe_COLLAPSED_conf_std=0\tPROBE_COLLAPSE_CONFIRMED\tkeep\tE6 probe collapse confirmed: all confidence=0.880, meta 11/1030 (1%). probe_reward=0.0 was NOT calibration improvement — model stopped emitting meta. E6 < E8 (56.8% vs 57.9%). Probe approach abandoned.
85\t2026-04-05T07:58:38Z\tmonitor\tpk=60/100,E9=950,E6_done(56.8%_collapsed)\tpk_slow_on_hard_problems\tkeep\tpass@k 60/100 (hard MATH500 problems now). E9 at 950. E6 confirmed collapsed. E7 status unknown (E8 unreachable). 11/13 eval done.
86\t2026-04-05T08:46:52Z\tmonitor\tpk=75/100(61.3%),E9=1010\tpk_ETA_1.5h_E9_near\tkeep\tpass@k 75/100 at 61.3% running p@1. E9 at 1010/1030. Both nearing completion.
87\t2026-04-05T08:59:36Z\tresult_E9\tE9=62.1%_meta93%\t12/13_EVAL_DONE\tkeep\tE9 done: 62.1% (GSM 83.6, MATH 44.0, AIME 6.7). Meta 93%! E5 < E9 < E9c in accuracy ranking. 12/13 eval done (E7 remaining). pass@k 75/100.
88\t2026-04-05T10:01:45Z\tresult_E7+ALL_EVAL_DONE\tE7=54.0%_13/13_DONE\tALL_13_EVAL_COMPLETE\tkeep\t*** ALL 13 MODELS EVALUATED *** base_sft 67.1% still #1. E9 62.1% best meta (93% meta, -5pp). E6 collapsed. E7 54.0%. pass@k 90/100 (~30min left).
89\t2026-04-05T10:48:32Z\tresult_PASS_AT_K\tp@1=45.6%_p@8=57.4%_gap=11.8pp\tPHASE1_FULL_APPROVED\tkeep\t*** PASS@K COMPLETE *** gap=11.8pp >= 10pp threshold. Model HAS alternative paths. Phase 1 FULL (500-800 switch trajectories) approved per V6.1 plan.
90\t2026-04-05T11:49:59Z\tresult_smoke_test\t2/10_valid(20%yield)_quality_good\tSMOKE_TEST_DONE\tkeep\tSwitch trajectory smoke test: 2/10 valid (20% yield). Quality excellent (specific diagnoses, conf 0.22-0.24). 8 rejected for no_meta_blocks — prompt needs stronger meta format emphasis. Need 500 valid → need ~2500 candidates.
91\t2026-04-05T13:40:04Z\tlaunch_v6_data_gen\t3000problems_6000+_API_calls\tV6_STEP1_LAUNCHED\tkeep\tV6.2 Step 1 data generation launched: 3000 MATH problems × 2 solutions + stitching + verify. ETA ~1-2h. Plan V6.2 Codex final pass. Step 0: E9 switch rate 1.8%.
92\t2026-04-05T15:05:30Z\trestart_v6_data_gen\t770/3000_23candidates_token_fixed\tV6_RESTARTED\tkeep\tV6 data gen restarted with token auto-refresh + solution text saving. 770/3000 processed, 23 candidates (3% pair rate). No 401 errors.
93\t2026-04-05T15:47:26Z\tresult_v6_data_complete\t87switch+77verify=164_high_quality\tV6_STEP1_DONE\tkeep\tV6 data generation complete: 87 switch (90.6% yield) + 77 verify (80.2% yield) = 164 SFT seed. Quality excellent: specific diagnoses, conf 0.22-0.24, independent verification. 36 short of 200 target.
94\t2026-04-05T18:02:07Z\tlaunch_E11_SFT\tE11_started_196steps_4GPU\tV6_STEP2_RUNNING\tkeep\tE11 SFT started on EVAL: 1640 mix (164 seed + 1476 existing), ZeRO-2, LR 1e-6, 2 epochs, 196 steps. WandB connected. TRAIN_B+E8 ready for E12/E13.
95\t2026-04-05T18:06:00Z\tmonitor\tE11=8/196_24s/step\tE11_SFT_PROGRESSING\tkeep\tE11 SFT at 8/196 (24s/step, ~78min left). V6.1 reward code + E12/E13 modes added. TRAIN_B+E8 synced and ready.
96\t2026-04-05T18:29:04Z\tmonitor\tE11=78/196(40%)_loss0.332\tE11_SFT_PROGRESSING\tkeep\tE11 SFT 40%, loss 0.377→0.332 (good). ~37min to complete. Then eval for approach_change. Codex flagged: 1.6K too small, E9 base has V5 habits. E11 = pilot.
97\t2026-04-05T19:11:06Z\tresult_E11_SFT_DONE+eval_launched\tE11_SFT_done_loss0.388_eval_started\tE11_COMPLETE_EVAL_RUNNING\tkeep\tE11 SFT complete: 196 steps, loss 0.477→0.289, 67min. E11 eval launched (1030 problems). Codex review: need clean data policy + 5K+ scale + answer_tag metric for V6 full.
98\t2026-04-05T19:12:41Z\tmonitor\tE11_eval_10/1030_GPU1only\tE11_EVAL_SLOW\tkeep\tE11 eval 10/1030 on single GPU. TRAIN_B+E8 idle. Could parallelize eval across 3 nodes. ETA ~8h single node.
99\t2026-04-05T19:49:04Z\tplan+analysis_code_ready\tanalyze_e11_pilot.py+12gpu_plan\tREADY_FOR_E11_RESULT\tkeep\t5-dimension analysis script + 12 GPU experiment plan ready. E11 eval at 300/1030. Waiting for completion.
100\t2026-04-05T23:22:47Z\tresult_E11_PILOT\tE11=64.1%_switch0.1%_multimeta44%\tSCENARIO_C_CONFIRMED\tkeep\tE11 pilot: acc 64.1%(+1.9pp vs E9), but approach_change 0.1%(worse). Multi-meta 44.2%(18x increase!), rise pattern 184. Information Checkpointing learned but NOT structural switching. base_sft restart needed for switching.
101\t2026-04-06T02:44:13Z\tlaunch_3slots\tSlotA:10K_gen+SlotB:E9c_RL+SlotC:5ep_SFT\tALL_3_SLOTS_RUNNING\tkeep\tSlot A: V6 10K gen (25/19375). Slot B: E9c+RL E13 (started, GDPO). Slot C: E9+5ep SFT (11/490). 3 nodes active.
102\t2026-04-06T04:10:24Z\tmonitor_3slots\tA:2575/19375_B:108/400(corr=0!)_C:315/490\tSLOT_B_CONCERN\tkeep\tSlot A: 2575/19375 (1492 valid). Slot B: 108/400 but correctness_reward=0.0 (model not producing correct answers!). Slot C: 315/490, loss 0.204.
103\t2026-04-06T04:20:22Z\tmonitor_3slots\tA:4125/19375_B:120/400(switch=0)_C:349/490\tSLOT_B_SWITCH_0\tkeep\tSlot B: switch/calibration reward=0 (E9c meta too low 3.5% → V6.1 reward not triggering). Slot C: 349/490, loss 0.196, ~42min. Slot A: 2418 valid.
104\t2026-04-06T05:05:21Z\tSlotC_done_eval_launched\tSlotC_SFT_done_eval_started\tSLOT_C_EVAL\tkeep\tSlot C (5ep) SFT complete, eval launched. Slot B: switch=0 (RL alone cant create new behavior). Slot A: 2418/~10K valid. behavior-uncertainty gaps: clean data policy needed for Slot A 10K.
105\t2026-04-06T06:06:13Z\tmonitor\tA:5002valid_B:273/400_C:410/1030\tALL_PROGRESSING\tkeep\tSlot A: 5002/~10K valid (halfway!). Slot B: 273/400 (~1.5h left). Slot C eval: 410/1030.
106\t2026-04-06T07:09:20Z\tv6.4_aligned\tA:6435valid_B:356/400_C:640/1030\tPLAN_V6.4_ACTIVE\tkeep\tV6.4 active plan aligned. SlotB ~30min to complete. SlotC eval 640/1030. E8 reserved until SlotC gate. Slot A 6435 valid.
107\t2026-04-06T07:52:14Z\tSlotB_DONE_eval_launched\tSlotB_RL_400steps_done_eval_started\tSIDE_EVIDENCE\tkeep\tSlot B RL complete (400 steps, E9c base). Eval launched on TRAIN_B as side_evidence. SlotC eval at 740/1030. Slot A at 7162 valid.
108\t2026-04-06T09:54:46Z\tresult_SLOTC_GATE\tSlotC=67.3%>base67.1%!_switch0.3%\tBASE_SFT_EXCEEDED\tkeep\t*** SlotC 67.3% > base_sft 67.1% *** First time Meta-CoT exceeds base! ECE 0.109, FP 25.6%, multi-meta 49.9%. But approach_change 0.3% (gate fail). Success via checkpointing+calibration, not switching.
109\t2026-04-06T11:15:56Z\tCRITICAL_FINDING\tSlotA_redirect_86%_theatrical(pre=0)\tREDIRECT_DATA_FLAWED\tkeep\t*** CRITICAL: 86% of Slot A redirect data has pre-meta length 0 (theatrical). Model learns 'diagnose then solve directly' not 'try→fail→switch→succeed'. This explains why approach_change is always 0%. V5 prompt structure is the root cause.
110\t2026-04-06T11:48:51Z\tCRITICAL_UPDATE\tgpt5.4_full_available+mini_theatrical\tDATA_REDESIGN\tkeep\tgpt-5.4 full (gpt-5.4_2026-03-05) is available on TRAPI! Mini produced 86% theatrical redirect. Full model should produce natural redirect with pre>=200. Codex confirmed: V5 10K was also mini (not full). Revised: verify 40% + redirect 25%(full) + straight 35%(mini).
111\t2026-04-06T12:46:56Z\tSMOKE_SUCCESS\tgpt5.4_full_redirect:0%theatrical_80%natural\tFULL_MODEL_SOLVES_REDIRECT\tkeep\t*** gpt-5.4 full produces 0% theatrical vs mini's 86%! Pre mean=378 chars. Natural 'try→fail→diagnose→switch→succeed' pattern confirmed. This is the key to solving approach_change=0%.
112\t2026-04-06T12:48:38Z\tv6_10k_gen_started\tredirect(full)+verify+straight(mini)\tV6_CLEAN_DATA_GEN\tkeep\tV6 10K generation started: redirect 7257 chains (gpt-5.4 full) + verify+straight 15478 chains (gpt-5.4-mini). Smoke test confirmed: full model 0% theatrical, 80% natural redirect.
113\t2026-04-06T13:49:32Z\tmonitor_v6_data\tredirect:316valid(79%yield)_verstr:1395valid\tV6_DATA_PROGRESSING\tkeep\tRedirect (full): 400/7257, 316 valid (79% yield - natural!). Verify+straight (mini): 2200/15478, 1395 valid. ETA: redirect ~18h, verify+straight ~7h.
114\t2026-04-06T14:28:26Z\tSlotB_eval_done\tSlotB=61.0%_switch1.6%_FP63%\tRL_ALONE_CONFIRMED_FAIL\tkeep\tSlotB (E9c+RL): 61.0%, meta 5.9%, switch 1.6%, FP 63.6%. RL alone cannot create new behavior — confirmed. All 12 GPU idle. Data gen: redirect 603 valid, verify+straight 2531 valid.
115\t2026-04-06T16:55:35Z\treward_v6.2_done\tR3=confidence_trajectory_3axis\tV6.2_REWARD_READY\tkeep\tV6.2 reward implemented: R3 changed from Brier to continuous 3-axis (cal+gradual+dir). efficiency_bonus removed. Single conf discounted 0.2x. 40/40 tests pass. Data: redirect 1668, verify+straight 7025.
116\t2026-04-06T18:32:54Z\tVS_DONE+HF_pushed\tverify329+straight3500=3829_HFsynced\tVS_COMPLETE\tkeep\tVerify+Straight complete: 3829 rows (verify 329, straight 3500). HF pushed. Redirect: 2364 valid (~2.5h left). Verify count low (329 vs 4K target) due to strict V5 validation.
